,,Jul-2023  ,Jul-2023  ,Aug-2023  ,Aug-2023  ,Sep-2023  ,Sep-2023  ,Oct-2023  ,Oct-2023  ,Nov-2023  ,Nov-2023  ,Dec-2023  ,Dec-2023  ,Jan-2024  ,Jan-2024  ,Feb-2024  ,Feb-2024  ,Mar-2024  ,Mar-2024  ,Apr-2024  ,Apr-2024  ,May-2024  ,May-2024  ,Jun-2024  ,Jun-2024  
,,Transaction Count,Transaction Amount,Transaction Count,Transaction Amount,Transaction Count,Transaction Amount,Transaction Count,Transaction Amount,Transaction Count,Transaction Amount,Transaction Count,Transaction Amount,Transaction Count,Transaction Amount,Transaction Count,Transaction Amount,Transaction Count,Transaction Amount,Transaction Count,Transaction Amount,Transaction Count,Transaction Amount,Transaction Count,Transaction Amount
1,ALL AIRLINES, 102 ," 45,703 ", 128 ," 62,124 ", 104 ," 46,984 ", 142 ," 65,732 ", 153 ," 65,247 ", 150 ," 67,912 ", 148 ," 71,133 ", 119 ," 59,432 ", 180 ," 73,815 ", 149 ," 60,214 ", 159 ," 71,845 ", 150 ," 76,261 "
2,LODGING," 5,449 "," 2,051,952 "," 4,673 "," 1,678,895 "," 4,150 "," 1,292,872 "," 4,761 "," 1,966,623 "," 4,299 "," 1,519,674 "," 3,547 "," 1,230,518 "," 3,947 "," 1,450,925 "," 4,478 "," 1,582,831 "," 4,262 "," 1,560,430 "," 4,673 "," 1,679,166 "," 4,407 "," 1,632,494 "," 4,251 "," 1,238,308 "
3,AUTO RENTAL, 238 ," 106,196 ", 202 ," 78,557 ", 220 ," 77,898 ", 305 ," 105,689 ", 263 ," 96,156 ", 188 ," 76,032 ", 239 ," 85,987 ", 325 ," 77,368 ", 238 ," 80,947 ", 198 ," 74,631 ", 246 ," 83,204 ", 271 ," 73,988 "
742,VETERINARY SERVICES           , 17 ," 1,830 ", 25 ," 2,401 ", 10 , 861 , 19 ," 1,591 ", 27 ," 3,005 ", 39 ," 4,134 ", 24 ," 2,818 ", 38 ," 4,422 ", 28 ," 2,061 ", 35 ," 6,422 ", 19 ," 1,166 ", 32 ," 2,493 "
1520,GEN CONTRACTORS RESIDENTL/COML,,,,,,,,,,,,,,,,,,,,,,, 2 , 0 
4111,LOCAL COMMUTER TRANSPORT      , 0 , 0 , 0 , 0 , 0 , 0 , 0 , 0 ,,,,,,,,,,,,,,,,
4214,MOTOR FREIGHT CARRIERS        , 2 , 919 , 2 , 401 , 5 ," 1,049 ", 8 ," 1,244 ", 7 ," 2,634 ", 5 , 473 , 5 , 747 , 2 , 639 , 1 , 563 ,,, 7 ," 2,672 ",,
4215,COURIER SERVICES              , 295 ," 22,432 ", 347 ," 30,722 ", 272 ," 24,179 ", 310 ," 25,724 ", 347 ," 36,560 ", 465 ," 44,478 ", 350 ," 34,599 ", 408 ," 37,040 ", 409 ," 35,459 ", 511 ," 45,005 ", 547 ," 45,360 ", 494 ," 48,891 "
4468,"MARINAS, SERVICE & SUPPLY     ", 1 , 473 ,,, 1 , 0 ,,, 3 ," 1,935 ", 5 ," 1,070 ", 6 ," 1,793 ", 6 ," 2,622 ", 10 ," 4,218 ", 7 ," 2,665 ", 10 ," 4,172 ", 12 ," 2,258 "
4582,AIRPORTS/FIELDS/TERMINALS     , 2 ," 1,019 ", 1 , 616 ,,, 1 , 240 , 1 ," 1,655 ",,, 2 , 951 ,,, 2 ," 1,710 ", 2 ," 1,428 ", 2 , 888 ,,
4722,TRAVEL AGENCIES               , 169 ," 92,951 ", 144 ," 88,013 ", 164 ," 64,096 ", 183 ," 83,539 ", 152 ," 66,435 ", 89 ," 34,763 ", 109 ," 46,547 ", 131 ," 53,599 ", 126 ," 66,171 ", 131 ," 62,227 ", 139 ," 51,613 ", 114 ," 47,926 "
4789,TRANSPORTATION SVCS - DEFAULT , 6 ," 4,691 ", 13 ," 11,275 ", 14 ," 3,665 ", 9 ," 6,066 ", 9 ," 1,738 ", 8 ," 5,164 ", 5 ," 4,296 ", 10 ," 2,480 ", 9 ," 4,773 ", 6 ," 3,250 ", 6 ," 1,036 ", 10 ," 1,461 "
4812,TELECOMMUNICATION EQUIPMENT   , 316 ," 27,448 ", 355 ," 33,187 ", 339 ," 27,064 ", 406 ," 38,527 ", 351 ," 24,717 ", 413 ," 33,169 ", 431 ," 32,897 ", 380 ," 31,479 ", 107 ," 12,549 ", 242 ," 17,671 ", 224 ," 26,217 ", 189 ," 17,919 "
4814,TELECOMMUNICATION SERVICES    , 744 ," 82,921 ", 713 ," 64,825 ", 705 ," 62,788 ", 693 ," 59,359 ", 744 ," 72,502 ", 785 ," 94,685 ", 749 ," 81,358 ", 811 ," 98,002 ", 883 ," 104,002 ", 809 ," 86,006 ", 770 ," 76,842 ", 692 ," 74,921 "
4816,COMPUTER NETWORK/INFO SVCS    ,,,,,,,,,,,,,,,,,,, 3 , 14 ,,,,
4899,"CABLE, SAT, PAY TV/RADIO SVCS ", 474 ," 32,571 ", 590 ," 36,826 ", 545 ," 33,473 ", 619 ," 33,293 ", 600 ," 36,729 ", 777 ," 99,813 ", 776 ," 66,997 ", 700 ," 95,272 ", 660 ," 66,603 ", 770 ," 89,192 ", 746 ," 71,334 ", 617 ," 47,542 "
4900,UTILITIES/ELEC/GAS/H2O/SANI   , 24 ," 3,304 ", 26 ," 7,759 ", 25 ," 6,798 ", 15 ," 2,710 ", 28 ," 10,680 ", 18 ," 4,349 ", 23 ," 6,882 ", 14 ," 2,353 ", 31 ," 9,373 ", 55 ," 9,539 ", 44 ," 6,780 ", 47 ," 20,267 "
5013,MOTOR VEHICLE SUPPLY/NEW PARTS,,,,, 27 ," 3,265 ", 12 ," 1,458 ", 9 , 995 , 9 ," 1,011 ", 15 ," 1,544 ", 23 ," 2,093 ", 18 ," 2,217 ", 9 , 959 , 20 ," 2,080 ", 13 ," 1,566 "
5039,CONSTRUCTION MATERIALS - DEF  , 97 ," 30,375 ", 109 ," 41,356 ", 86 ," 25,490 ", 107 ," 48,717 ", 175 ," 93,961 ", 112 ," 38,678 ", 126 ," 46,299 ", 127 ," 51,208 ", 144 ," 46,116 ", 131 ," 35,265 ", 112 ," 41,451 ", 121 ," 38,991 "
5045,COMPUTERS/PERIPHERALS/SOFTWARE, 14 ," 1,012 ", 11 ," 2,235 ", 14 ," 4,629 ", 16 , 982 , 21 ," 2,433 ", 10 , 595 , 7 , 958 , 4 ," 1,428 ",,, 10 , 626 , 14 ," 1,489 ", 9 , 467 
5046,COMMERCIAL EQUIPMENT - DEFAULT, 7 ," 1,028 ", 13 ," 3,321 ", 13 ," 2,085 ", 6 ," 1,092 ", 14 ," 3,293 ", 6 ," 2,632 ", 20 ," 6,098 ", 4 , 779 , 18 ," 5,957 ", 15 ," 3,654 ", 14 ," 5,855 ", 17 ," 3,556 "
5065,ELECTRICAL PARTS/EQUIPMENT    , 65 ," 25,015 ", 60 ," 25,444 ", 49 ," 17,184 ", 69 ," 16,936 ", 86 ," 22,425 ", 78 ," 18,108 ", 64 ," 12,234 ", 49 ," 14,663 ", 69 ," 18,583 ", 73 ," 20,718 ", 64 ," 20,744 ", 83 ," 14,934 "
5072,HARDWARE EQUIPMENT/SUPPLIES   , 99 ," 27,636 ", 143 ," 47,386 ", 112 ," 33,831 ", 72 ," 42,551 ", 103 ," 36,405 ", 105 ," 55,821 ", 80 ," 22,709 ", 82 ," 29,525 ", 117 ," 33,228 ", 102 ," 38,935 ", 109 ," 28,878 ", 111 ," 46,621 "
5085,INDUSTRIAL SUPPLIES - DEF     , 7 , 992 , 7 ," 1,205 ", 12 ," 3,839 ", 12 ," 2,453 ", 29 ," 10,737 ", 12 ," 2,664 ", 13 ," 5,009 ", 17 ," 7,723 ", 36 ," 8,258 ", 20 ," 4,797 ", 19 ," 9,509 ", 17 ," 5,064 "
5094,PRECIOUS STONES/METALS/JEWELRY, 5 ," 8,433 ", 17 ," 12,484 ", 10 ," 14,258 ", 5 ," 9,404 ",,, 5 ," 1,423 ", 7 ," 4,555 ", 13 ," 5,680 ", 6 ," 2,316 ", 11 ," 5,137 ", 1 , 449 , 5 ," 3,960 "
5111,STATIONERY/OFFICE SUPPLIES    , 20 ," 3,076 ", 19 ," 9,863 ", 10 ," 4,949 ", 22 ," 6,269 ", 7 ," 2,724 ", 9 ," 2,711 ", 18 ," 7,149 ", 19 ," 5,641 ", 17 ," 3,563 ", 9 ," 4,125 ", 13 ," 4,638 ", 15 ," 7,008 "
5122,DRUGS/DRUGGISTS SUNDRIES      , 4 , 428 , 3 , 164 , 4 , 167 , 6 , 262 , 6 , 325 , 12 ," 1,035 ", 11 , 819 , 14 , 636 , 24 ," 1,248 ", 29 ," 1,265 ", 32 ," 1,482 ", 23 ," 2,374 "
5137,UNIFORMS & COMMERCIAL CLOTHING, 14 ," 2,117 ", 11 ," 2,448 ", 7 ," 1,012 ", 30 ," 4,812 ", 49 ," 6,190 ", 15 ," 3,831 ", 22 ," 3,323 ", 16 ," 5,437 ", 30 ," 5,183 ", 26 ," 3,928 ", 26 ," 4,367 ", 24 ," 4,730 "
5139,COMMERCIAL FOOTWEAR           ,,,,,,,,,,,,,,,,,,, 1 , 0 ,,,,
5169,CHEMICALS/ALLIED PRODS - DEF  , 4 , 41 , 1 , 211 ,,, 1 , 9 , 5 , 149 ,,, 4 , 101 , 9 , 787 , 7 , 357 , 1 , 63 , 6 , 585 , 13 ," 1,266 "
5172,PETROLEUM/PETROLEUM PRODUCTS  , 13 ," 8,471 ", 7 ," 15,883 ", 9 ," 1,725 ", 14 ," 10,570 ", 15 , 816 , 17 ," 1,132 ", 12 ," 2,303 ", 2 ," 1,903 ", 2 , 179 , 31 ," 12,436 ", 26 ," 3,008 ", 11 , 714 
5198,"PAINT, VARNISHES & SUPPLIES   ", 3 , 513 , 5 ," 1,955 ", 6 , 742 , 10 , 804 , 7 , 816 , 10 , 964 , 5 , 550 , 14 ," 1,188 ", 5 , 183 , 8 ," 1,978 ", 9 ," 2,768 ", 8 ," 3,735 "
5200,HOME SUPPLY WAREHOUSE STORES  , 72 ," 5,421 ", 121 ," 12,194 ", 134 ," 10,011 ", 263 ," 22,657 ", 370 ," 34,225 ", 506 ," 48,996 ", 232 ," 19,295 ", 191 ," 13,548 ", 142 ," 10,751 ", 147 ," 11,175 ", 188 ," 13,315 ", 190 ," 14,714 "
5211,LUMBER/BUILD. SUPPLY STORES   , 3 ," 1,469 ", 2 ," 1,180 ", 3 ," 1,699 ", 2 , 693 , 1 , 791 , 2 , 871 ,,, 3 , 841 , 3 ," 2,978 ", 4 ," 19,560 ",,, 2 ," 7,933 "
5231,GLASS/PAINT/WALLPAPER STORES  , 163 ," 35,236 ", 200 ," 48,426 ", 178 ," 47,732 ", 186 ," 49,274 ", 223 ," 51,552 ", 269 ," 55,498 ", 142 ," 29,922 ", 142 ," 30,997 ", 222 ," 48,972 ", 135 ," 31,961 ", 149 ," 36,700 ", 132 ," 33,261 "
5251,HARDWARE STORES               , 786 ," 195,596 ", 770 ," 205,205 ", 754 ," 180,775 ", 936 ," 238,702 ", 951 ," 220,094 "," 1,174 "," 215,556 ", 731 ," 179,639 ", 757 ," 216,970 ", 834 ," 230,331 ", 943 ," 279,669 ", 943 ," 268,154 "," 1,104 "," 271,491 "
5309,DUTY FREE STORES              ," 1,033 "," 83,472 "," 1,306 "," 123,312 "," 1,157 "," 109,070 "," 1,263 "," 107,498 "," 1,241 "," 103,734 "," 1,047 "," 89,302 "," 1,251 "," 99,398 "," 1,077 "," 83,133 ", 958 ," 80,265 "," 1,071 "," 88,865 ", 930 ," 68,221 ", 834 ," 58,443 "
5311,DEPARTMENT STORES             ," 1,402 "," 196,685 "," 1,538 "," 193,123 "," 1,563 "," 196,468 "," 1,720 "," 240,963 "," 1,699 "," 248,024 "," 2,438 "," 339,250 "," 1,831 "," 274,143 "," 1,629 "," 221,859 "," 1,544 "," 218,460 "," 1,590 "," 213,269 "," 1,730 "," 230,156 "," 1,553 "," 237,261 "
5331,VARIETY STORES                , 49 ," 4,144 ", 91 ," 6,545 ", 75 ," 8,523 ", 93 ," 9,184 ", 206 ," 27,229 ", 228 ," 39,247 ", 111 ," 13,077 ", 149 ," 17,394 ", 119 ," 17,097 ", 114 ," 19,919 ", 130 ," 18,983 ", 142 ," 18,080 "
5399,MISC GENERAL MERCHANDISE      , 409 ," 50,806 ", 397 ," 58,154 ", 396 ," 55,863 ", 448 ," 58,640 ", 629 ," 110,623 "," 1,094 "," 124,957 ", 487 ," 69,536 ", 473 ," 78,641 ", 720 ," 73,778 "," 1,024 "," 116,752 "," 1,044 "," 119,023 "," 1,007 "," 96,851 "
5411,GROCERY STORES/SUPERMARKETS   ," 15,280 "," 1,091,309 "," 15,453 "," 1,131,572 "," 15,319 "," 1,154,916 "," 16,721 "," 1,264,622 "," 16,281 "," 1,251,874 "," 16,713 "," 1,539,158 "," 17,167 "," 1,295,432 "," 16,474 "," 1,220,868 "," 16,520 "," 1,230,821 "," 18,474 "," 1,406,702 "," 18,337 "," 1,370,779 "," 16,943 "," 1,230,670 "
5422,FREEZER/MEAT LOCKERS          , 666 ," 38,015 ", 671 ," 39,853 ", 687 ," 36,649 ", 843 ," 45,862 ", 760 ," 42,634 "," 1,045 "," 75,167 ", 686 ," 37,488 ", 795 ," 44,782 ", 798 ," 43,581 ", 774 ," 45,231 ", 833 ," 46,977 ", 788 ," 40,504 "
5462,BAKERIES                      , 129 ," 2,668 ", 137 ," 3,118 ", 126 ," 2,130 ", 170 ," 2,850 ", 114 ," 1,874 ", 106 ," 1,672 ", 135 ," 2,287 ", 147 ," 2,221 ", 94 ," 1,744 ", 118 ," 2,018 ", 175 ," 2,974 ", 163 ," 3,102 "
5499,MISC FOOD STORES - DEFAULT    , 121 ," 8,325 ", 109 ," 8,405 ", 124 ," 11,555 ", 162 ," 14,462 ", 111 ," 8,811 ", 191 ," 15,026 ", 153 ," 11,819 ", 212 ," 14,788 ", 177 ," 7,708 ", 98 ," 2,024 ", 118 ," 2,199 ", 94 ," 1,682 "
5511,CAR & TRUCK DEALERS/NEW/USED  , 10 ," 2,558 ", 18 ," 6,148 ", 11 ," 22,931 ", 14 ," 9,745 ", 21 ," 6,139 ", 16 ," 8,363 ", 16 ," 8,470 ", 14 ," 14,337 ", 18 ," 13,521 ", 15 ," 11,644 ", 21 ," 9,752 ", 24 ," 9,264 "
5521,CAR & TRUCK DEALERS/USED ONLY , 14 ," 2,553 ", 7 ," 4,936 ", 5 ," 2,009 ", 11 ," 3,944 ", 3 ," 1,618 ", 9 ," 2,683 ", 7 ," 2,141 ", 14 ," 7,526 ", 15 ," 2,784 ", 4 , 400 , 10 , 752 , 11 ," 1,735 "
5533,AUTOMOTIVE PARTS STORES       , 38 ," 6,210 ", 84 ," 11,247 ", 66 ," 12,368 ", 69 ," 10,637 ", 86 ," 17,458 ", 118 ," 27,883 ", 75 ," 19,819 ", 68 ," 8,857 ", 71 ," 13,006 ", 73 ," 15,182 ", 77 ," 17,019 ", 92 ," 15,475 "
5541,SERVICE STATIONS              , 276 ," 10,922 ", 345 ," 15,211 ", 345 ," 12,935 ", 363 ," 14,080 ", 367 ," 14,004 ", 399 ," 15,557 ", 291 ," 10,754 ", 566 ," 20,341 ", 636 ," 20,870 ", 570 ," 19,852 ", 660 ," 22,558 ", 718 ," 24,949 "
5599,MISC AUTO DEALERS - DEFAULT   , 4 ," 1,085 ", 4 ," 6,962 ", 5 ," 1,374 ", 5 ," 2,797 ", 4 , 882 , 8 ," 1,078 ", 15 ," 1,559 ", 16 ," 5,243 ", 6 ," 1,072 ", 5 , 872 , 5 ," 2,644 ", 16 ," 2,637 "
5621,WOMENS READY TO WEAR STORES   , 127 ," 4,720 ", 108 ," 3,886 ", 49 ," 2,004 ", 102 ," 4,811 ", 214 ," 10,735 ", 481 ," 39,778 ", 227 ," 14,469 ", 269 ," 16,058 ", 248 ," 12,287 ", 243 ," 12,356 ", 306 ," 15,821 ", 265 ," 13,944 "
5631,WOMENS ACCESS/SPECIALTY       , 127 ," 15,433 ", 107 ," 11,613 ", 102 ," 11,040 ", 86 ," 9,485 ", 117 ," 12,739 ", 316 ," 49,478 ", 86 ," 10,765 ", 105 ," 12,779 ", 60 ," 5,466 ", 114 ," 14,960 ", 117 ," 14,182 ", 98 ," 12,685 "
5641,CHILDREN/INFANTS WEAR STORES  , 36 ," 2,204 ", 66 ," 4,097 ", 41 ," 3,459 ", 45 ," 4,099 ", 39 ," 2,900 ", 123 ," 12,234 ", 30 ," 2,211 ", 40 ," 2,912 ", 60 ," 5,563 ", 52 ," 4,880 ", 70 ," 5,754 ", 46 ," 3,056 "
5651,FAMILY CLOTHING STORES        , 488 ," 58,845 ", 463 ," 59,735 ", 440 ," 49,901 ", 426 ," 54,567 ", 438 ," 53,743 ", 893 ," 117,542 ", 501 ," 67,927 ", 477 ," 61,291 ", 437 ," 52,915 ", 464 ," 55,315 ", 535 ," 67,248 ", 493 ," 70,353 "
5655,SPORTS/RIDING APPAREL STORES  , 57 ," 5,948 ", 51 ," 3,935 ", 45 ," 3,844 ", 47 ," 4,919 ", 47 ," 4,758 ", 34 ," 3,130 ", 51 ," 5,129 ", 35 ," 3,105 ", 47 ," 4,627 ", 46 ," 5,146 ", 49 ," 4,450 ", 49 ," 3,247 "
5661,SHOE STORES                   , 206 ," 12,056 ", 270 ," 15,830 ", 202 ," 10,600 ", 230 ," 12,539 ", 247 ," 14,056 ", 350 ," 25,538 ", 260 ," 14,784 ", 180 ," 11,602 ", 267 ," 15,179 ", 265 ," 13,860 ", 302 ," 16,352 ", 291 ," 16,462 "
5691,MENS/WOMENS CLOTHING STORES   , 381 ," 42,879 ", 416 ," 48,070 ", 359 ," 41,255 ", 322 ," 37,688 ", 352 ," 37,679 ", 831 ," 107,037 ", 387 ," 43,939 ", 255 ," 28,836 ", 342 ," 41,632 ", 322 ," 35,282 ", 309 ," 37,187 ", 232 ," 30,468 "
5697,TAILOR/SEAMSTRESS/ALTERS      ,,, 6 , 417 , 4 , 280 , 12 ," 1,115 ", 15 ," 1,345 ", 8 ," 1,041 ", 12 , 925 , 11 , 861 , 13 ," 1,001 ", 10 ," 1,152 ", 6 , 590 , 8 ," 2,358 "
5699,MISC APPAREL/ACCESS STORES    , 20 ," 1,675 ", 32 ," 2,429 ", 16 ," 1,014 ", 16 ," 1,679 ", 12 , 889 , 32 ," 3,040 ", 13 ," 1,250 ", 23 ," 1,733 ", 22 ," 1,548 ", 24 ," 2,091 ", 39 ," 3,655 ", 31 ," 2,580 "
5712,FURNITURE/EQUIP STORES        , 546 ," 184,995 ", 505 ," 163,190 ", 561 ," 181,326 ", 686 ," 208,653 "," 1,085 "," 337,961 "," 1,211 "," 385,017 ", 794 ," 255,750 ", 644 ," 218,692 ", 868 ," 266,070 ", 798 ," 262,239 ", 991 ," 294,383 ", 938 ," 257,160 "
5713,FLOOR COVERING STORES         , 1 , 955 , 7 ," 3,714 ", 9 ," 16,364 ", 11 ," 4,809 ", 11 ," 6,644 ", 5 ," 2,661 ", 16 ," 7,080 ", 6 ," 2,476 ", 6 ," 13,632 ", 6 ," 2,746 ", 6 ," 3,090 ", 12 ," 9,379 "
5714,DRAPERY & UPHOLSTERY STORES   , 0 , 0 , 0 , 0 , 0 , 0 , 0 , 0 ,,, 0 , 0 , 0 , 0 , 0 , 0 ,,,,,,,,
5719,MISC HOME FURNISHING SPECIALTY,,,,,,,,, 2 , 131 , 3 , 188 , 1 , 88 ,,,,,,,,,,
5722,HOUSEHOLD APPLIANCE STORES    , 31 ," 3,923 ", 26 ," 2,776 ", 16 ," 2,921 ", 30 ," 5,509 ", 18 ," 4,712 ", 51 ," 8,885 ", 29 ," 7,626 ", 20 ," 6,796 ", 47 ," 9,525 ", 26 ," 7,697 ", 36 ," 9,487 ", 33 ," 8,171 "
5732,ELECTRONICS STORES            , 250 ," 41,973 ", 251 ," 54,317 ", 302 ," 67,679 ", 277 ," 62,825 ", 334 ," 95,235 ", 521 ," 113,777 ", 353 ," 66,054 ", 353 ," 77,577 ", 409 ," 89,397 ", 403 ," 70,860 ", 454 ," 93,340 ", 421 ," 73,430 "
5734,COMPUTER SOFTWARE STORES      , 5 ," 1,786 ", 3 ," 2,197 ", 17 ," 6,445 ", 9 ," 2,930 ", 12 ," 1,120 ", 12 ," 10,995 ", 9 , 913 , 11 ," 1,422 ", 11 ," 2,887 ", 17 ," 1,582 ", 10 , 848 , 8 ," 1,769 "
5812,EATING PLACES AND RESTAURANTS ," 7,525 "," 556,642 "," 7,575 "," 621,124 "," 7,969 "," 609,314 "," 8,102 "," 643,130 "," 7,471 "," 538,195 "," 6,948 "," 561,015 "," 7,655 "," 593,212 "," 8,950 "," 684,370 "," 7,746 "," 544,595 "," 9,110 "," 678,073 "," 9,252 "," 697,056 "," 9,860 "," 716,467 "
5813,BARS/TAVERNS/LOUNGES/DISCOS   , 550 ," 61,263 ", 561 ," 55,702 ", 742 ," 91,202 ", 568 ," 47,760 ", 554 ," 55,114 ", 523 ," 45,863 ", 434 ," 43,509 ", 502 ," 48,645 ", 460 ," 45,331 ", 515 ," 52,513 ", 598 ," 66,154 ", 531 ," 54,113 "
5814,FAST FOOD RESTAURANTS         ," 2,696 "," 38,472 "," 2,444 "," 36,918 "," 2,281 "," 32,623 "," 1,962 "," 27,817 "," 1,937 "," 31,124 "," 1,179 "," 21,687 "," 1,142 "," 19,631 "," 1,158 "," 21,769 "," 1,151 "," 19,576 "," 1,223 "," 22,725 "," 1,432 "," 27,486 "," 1,580 "," 29,372 "
5912,DRUG STORES & PHARMACIES      , 410 ," 15,207 ", 234 ," 10,026 ", 252 ," 13,193 ", 246 ," 10,558 ", 259 ," 12,370 ", 272 ," 19,671 ", 282 ," 16,219 ", 272 ," 15,743 ", 312 ," 18,914 ", 325 ," 20,212 ", 360 ," 21,962 ", 385 ," 27,327 "
5921,PKG STORES/BEER/WINE/LIQUOR   , 162 ," 6,397 ", 135 ," 6,812 ", 178 ," 8,650 ", 154 ," 10,036 ", 129 ," 7,300 ", 88 ," 7,880 ", 137 ," 5,974 ", 148 ," 7,562 ", 119 ," 6,829 ", 150 ," 7,988 ", 126 ," 5,781 ", 131 ," 8,033 "
5941,SPORTING GOODS STORES         , 37 ," 2,950 ", 36 ," 2,663 ", 24 ," 2,011 ", 14 ," 1,512 ", 12 , 810 , 31 ," 3,357 ", 11 , 836 , 16 ," 1,364 ", 11 ," 1,239 ", 14 ," 1,052 ", 15 ," 1,237 ", 24 ," 2,343 "
5942,BOOK STORES                   , 241 ," 11,747 ", 263 ," 13,450 ", 243 ," 11,371 ", 222 ," 9,675 ", 152 ," 6,167 ", 215 ," 10,984 ", 221 ," 10,130 ", 249 ," 10,493 ", 195 ," 8,130 ", 267 ," 12,652 ", 317 ," 32,434 ", 174 ," 8,688 "
5943,STATIONERY STORES             , 32 ," 2,441 ", 53 ," 3,327 ", 48 ," 4,944 ", 57 ," 5,172 ", 45 ," 4,734 ", 46 ," 4,047 ", 74 ," 4,178 ", 72 ," 5,553 ", 61 ," 3,090 ", 67 ," 4,683 ", 52 ," 4,590 ", 49 ," 3,951 "
5944,JEWELRY STORES                , 256 ," 135,013 ", 276 ," 136,384 ", 316 ," 225,971 ", 312 ," 231,669 ", 262 ," 144,911 ", 615 ," 289,127 ", 256 ," 154,091 ", 329 ," 178,996 ", 252 ," 109,452 ", 328 ," 198,664 ", 350 ," 210,781 ", 299 ," 194,355 "
5945,"HOBBY, TOY & GAME STORES      ",,, 1 , 78 ,,, 17 ," 1,748 ", 27 ," 3,501 ", 69 ," 11,205 ", 27 ," 2,068 ", 25 ," 2,627 ", 21 ," 1,999 ", 23 ," 2,679 ", 27 ," 1,957 ", 21 ," 1,874 "
5947,"GIFT, CARD, NOVELTY STORES    ", 55 ," 3,815 ", 62 ," 5,288 ", 103 ," 9,155 ", 100 ," 8,393 ", 77 ," 5,106 ", 234 ," 18,081 ", 97 ," 5,459 ", 135 ," 8,770 ", 108 ," 6,021 ", 107 ," 5,988 ", 161 ," 11,708 ", 114 ," 8,020 "
5965,COMBINATION CATALOG & RETAIL  ,,, 0 , 0 , 0 , 0 , 0 , 0 , 0 , 0 ,,,,,,,,,,,,,,
5970,ARTIST/CRAFT SHOPS            ,,, 28 ," 1,065 ", 31 ," 1,187 ", 22 , 965 , 10 , 211 , 18 , 493 , 23 , 965 , 25 ," 1,101 ", 32 ," 1,238 ", 22 , 733 , 20 , 603 , 25 , 939 
5977,COSMETIC STORES               , 27 ," 2,282 ", 16 ," 1,514 ", 20 ," 1,701 ", 33 ," 3,327 ", 32 ," 3,277 ", 103 ," 12,363 ", 29 ," 3,198 ", 52 ," 5,098 ", 77 ," 9,128 ", 83 ," 9,285 ", 82 ," 9,261 ", 72 ," 7,428 "
5983,FUEL DEALERS                  ,,,,,,, 1 , 536 ,,,,,,, 1 , 120 ,,,,, 1 ," 1,411 ",,
5992,FLORISTS                      ,,,,,,,,,,,,, 5 , 143 , 23 ," 1,630 ", 11 ," 1,002 ", 11 , 620 , 16 ," 1,325 ", 16 , 865 
5999,MISC SPECIALTY RETAIL         , 123 ," 35,538 ", 103 ," 29,727 ", 110 ," 29,586 ", 84 ," 15,857 ", 152 ," 40,639 ", 259 ," 66,381 ", 136 ," 34,042 ", 151 ," 28,234 ", 130 ," 25,334 ", 108 ," 36,378 ", 131 ," 23,983 ", 96 ," 18,160 "
6300,INSURANCE SALES/UNDERWRITE    , 66 ," 17,474 ", 78 ," 18,107 ", 85 ," 20,054 ", 92 ," 26,539 ", 102 ," 27,755 ", 93 ," 23,209 ", 122 ," 29,367 ", 122 ," 28,876 ", 126 ," 37,499 ", 130 ," 31,840 ", 129 ," 35,225 ", 167 ," 39,359 "
6513,REAL EST AGNTS & MGRS RENTALS , 2 , 644 , 4 ," 1,853 ", 26 ," 14,181 ", 38 ," 26,255 ", 35 ," 38,681 ", 19 ," 14,102 ", 15 ," 11,172 ", 25 ," 21,185 ", 37 ," 26,413 ", 25 ," 15,694 ", 25 ," 22,617 ", 21 ," 11,145 "
7032,SPORTING/RECREATIONAL CAMPS   , 8 , 54 , 8 , 45 , 9 , 31 , 22 , 72 , 6 , 45 , 7 , 51 , 3 , 24 , 3 , 21 , 2 , 13 , 6 , 36 , 7 , 52 , 10 , 71 
7211,LAUNDRIES-FAMILY/COMMERCIAL   , 28 , 874 , 30 ," 1,074 ", 32 , 982 , 20 , 716 , 28 ," 1,078 ", 40 ," 1,742 ", 37 ," 1,228 ", 37 ," 1,363 ", 39 ," 1,157 ", 27 , 796 , 24 , 717 , 22 , 653 
7217,CARPET/UPHOLSTERY CLEANING    ,,,,,,,,,,,,,,,,,,,,, 2 , 96 ,,
7230,BEAUTY/BARBER SHOPS           , 91 ," 5,823 ", 114 ," 6,457 ", 101 ," 6,599 ", 95 ," 5,648 ", 74 ," 5,705 ", 90 ," 7,153 ", 124 ," 10,378 ", 110 ," 7,890 ", 132 ," 10,219 ", 125 ," 10,686 ", 140 ," 10,939 ", 155 ," 13,574 "
7261,FUNERAL SERVICE/CREMATORIES   ,,,,,,, 2 ," 1,446 ", 2 , 956 , 1 , 884 , 4 ," 1,887 ",,,,, 1 , 468 , 7 ," 3,670 ", 1 , 717 
7298,HEALTH & BEAUTY SPAS          , 232 ," 21,667 ", 232 ," 23,850 ", 199 ," 23,084 ", 205 ," 20,181 ", 252 ," 27,507 ", 321 ," 33,482 ", 293 ," 23,922 ", 293 ," 28,179 ", 254 ," 25,929 ", 301 ," 31,454 ", 336 ," 36,045 ", 290 ," 31,225 "
7311,ADVERTISING SERVICES          ,,,,,,,,,,,,,,, 1 , 0 ,,,,,,,,
7333,COMMERCIAL PHOTO/ART/GRAPH    , 4 ," 3,487 ", 1 , 147 , 3 ," 2,074 ", 4 ," 2,250 ",,,,, 7 ," 3,544 ", 5 ," 4,297 ", 8 ," 2,423 ", 3 , 211 , 6 ," 7,365 ", 1 , 147 
7338,QUICK COPY/REPRO SERVICES     , 2 , 33 , 3 , 996 , 2 , 347 ,,, 1 , 263 , 1 , 38 ,,,,, 2 , 0 ,,,,,,
7349,CLEAN/MAINT/JANITORIAL SERV   , 6 , 648 , 5 , 503 , 4 , 181 , 4 , 328 , 5 ," 1,092 ", 4 , 448 , 6 , 695 , 5 , 813 , 7 , 950 , 1 , 817 , 8 ," 1,218 ", 10 ," 1,338 "
7379,COMPUTER MAINT/SVCS - DEF     , 1 , 210 , 2 , 53 ,,,,,,,,, 1 , 35 ,,, 1 , 167 , 1 , 117 ,,,,
7392,MGMT/CONSULT/PUBLIC REL SER   ,,,,,,, 2 , 412 ,,, 1 , 50 , 1 , 251 , 1 , 338 ,,,,,,, 1 , 126 
7393,DETECTIVE/PROTECTIVE AGEN     , 3 , 139 ,,, 1 , 559 ,,,,,,, 3 , 0 , 5 , 554 , 3 , 170 , 6 ," 1,752 ", 4 , 795 , 5 ," 2,630 "
7394,EQUIP/FURN RENT/LEASE SERV    , 15 ," 4,017 ", 3 , 902 , 3 ," 1,176 ",,, 2 , 750 ,,,,, 4 , 126 , 1 , 144 , 2 , 333 ,,,,
7399,BUSINESS SERVICES - DEFAULT   , 133 ," 5,377 ", 209 ," 7,869 ", 202 ," 12,953 ", 236 ," 10,134 ", 130 ," 6,298 ", 172 ," 7,782 ", 435 ," 18,486 ", 408 ," 45,195 ", 406 ," 17,537 ", 563 ," 32,544 ", 572 ," 20,678 ", 446 ," 18,989 "
7538,AUTO SERVICE SHOPS/NON DEALER ,,,,,,,,, 1 , 345 ,,,,,,,,, 1 , 0 ,,, 3 , 525 
7623,AIR COND/REFRIG REPAIR SHOP   ,,,,,,,,,,,,,,, 1 ," 1,269 ",,,,,,,,
7629,SMALL APPLIANCE REPAIR DEF    , 1 , 48 ,,,,, 2 , 76 , 1 , 33 , 6 , 305 ,,,,, 5 , 282 ,,, 1 , 14 , 1 , 72 
7832,MOTION PICTURE THEATRES       , 318 ," 5,744 ", 245 ," 4,122 ", 227 ," 3,353 ", 183 ," 3,588 ", 169 ," 2,863 ", 274 ," 4,852 ", 287 ," 5,347 ", 237 ," 3,748 ", 263 ," 4,656 ", 251 ," 3,937 ", 287 ," 5,002 ", 325 ," 5,242 "
7941,COMMERCIAL/PRO SPORTS         ,,,,,,,,,,,,,,,,,,,,, 15 ," 3,764 ", 17 ," 4,267 "
7991,TOURIST ATTRACTIONS AND XHBT  , 10 ," 10,499 ", 16 ," 15,806 ", 10 ," 7,766 ", 5 ," 2,061 ", 10 ," 4,170 ", 4 ," 1,544 ", 15 ," 17,135 ", 17 ," 8,088 ", 22 ," 33,216 ", 24 ," 12,133 ", 11 ," 10,308 ", 5 ," 3,335 "
7995,BETTING/TRACK/CASINO/LOTTO    , 3 ," 5,652 ", 2 , 956 , 18 ," 23,890 ", 18 ," 18,699 ", 9 ," 2,882 ", 22 ," 23,999 ", 28 ," 43,194 ", 2 , 790 , 24 ," 6,107 ", 16 ," 16,540 ", 9 ," 9,093 ", 5 , 645 
8021,DENTISTS/ORTHODONTISTS        , 120 ," 24,417 ", 106 ," 24,995 ", 97 ," 23,427 ", 109 ," 22,809 ", 112 ," 24,005 ", 113 ," 24,717 ", 151 ," 37,700 ", 120 ," 21,049 ", 127 ," 21,071 ", 132 ," 29,173 ", 148 ," 27,634 ", 165 ," 38,893 "
8043,OPTICIANS                     , 101 ," 18,202 ", 121 ," 26,097 ", 101 ," 21,970 ", 121 ," 28,733 ", 133 ," 31,139 ", 111 ," 26,886 ", 150 ," 33,481 ", 134 ," 27,082 ", 144 ," 29,560 ", 139 ," 28,473 ", 140 ," 26,225 ", 158 ," 32,292 "
8062,HOSPITALS                     , 498 ," 64,529 ", 523 ," 91,738 ", 451 ," 78,104 ", 510 ," 70,303 ", 525 ," 104,777 ", 469 ," 71,001 ", 533 ," 72,175 ", 516 ," 60,547 ", 512 ," 96,960 ", 584 ," 83,108 ", 610 ," 103,331 ", 488 ," 75,133 "
8071,MEDICAL/DENTAL LABS           , 184 ," 22,047 ", 282 ," 33,820 ", 318 ," 37,582 ", 266 ," 25,954 ", 290 ," 36,932 ", 240 ," 29,878 ", 296 ," 35,472 ", 305 ," 35,942 ", 331 ," 51,229 ", 253 ," 29,796 ", 271 ," 29,918 ", 259 ," 29,597 "
8099,MED/HEALTH SERVICES - DEF     , 47 ," 4,766 ", 55 ," 7,371 ", 51 ," 10,883 ", 49 ," 6,362 ", 35 ," 3,079 ", 26 ," 2,142 ", 45 ," 9,388 ", 35 ," 3,110 ", 53 ," 8,079 ", 39 ," 4,925 ", 43 ," 6,811 ", 63 ," 11,187 "
8211,ELEMENTARY/SECONDARY SCHOOLS  , 10 ," 6,159 ", 12 ," 1,161 ", 12 ," 1,595 ", 4 ," 2,303 ", 8 ," 3,237 ", 4 ," 1,687 ", 19 ," 7,244 ", 13 ," 5,204 ", 24 ," 9,772 ", 37 ," 17,312 ", 39 ," 20,505 ", 25 ," 13,858 "
8220,COLLEGES/UNIV/JC/PROFESSION   , 1 , 946 , 13 ," 5,189 ", 8 ," 5,716 ", 9 ," 4,303 ", 5 ," 1,114 ", 1 , 86 , 18 ," 10,853 ", 8 ," 3,367 ", 9 ," 1,452 ", 4 , 808 , 24 ," 5,580 ", 10 ," 2,011 "
8244,BUSINESS/SECRETARIAL SCHOOL   , 3 , 966 , 2 ," 2,379 ",,, 4 ," 1,078 ", 11 ," 2,257 ", 12 ," 4,377 ", 7 ," 11,908 ", 5 ," 2,573 ", 6 ," 2,737 ", 4 , 908 , 4 ," 2,493 ", 3 ," 1,340 "
8299,SCHOOLS - DEFAULT             , 15 ," 6,872 ", 18 ," 6,194 ", 29 ," 7,109 ", 14 ," 3,646 ", 7 ," 3,303 ", 9 ," 7,356 ", 29 ," 15,503 ", 7 ," 1,216 ", 22 ," 7,489 ", 33 ," 11,382 ", 34 ," 5,221 ", 20 ," 3,617 "
8641,CIVIC/SOCIAL/FRATERNAL ASSC   ,,,,,,, 22 ," 5,445 ",,,,,,,,,,,,,,,,
8911,ARCHITECTURAL/ENG/SURVEY      , 0 , 0 , 4 , 170 , 0 , 0 , 0 , 0 , 5 , 290 , 7 , 851 , 0 , 0 , 2 , 105 , 1 , 14 , 0 , 0 , 7 ," 1,326 ", 0 , 0 
8999,PROFESSIONAL SERVICES - DEF   , 21 ," 11,060 ", 18 ," 7,963 ", 13 ," 2,867 ", 16 ," 1,170 ", 24 ," 1,410 ", 14 ," 1,170 ", 20 ," 2,699 ", 18 ," 12,633 ", 21 ," 3,382 ", 30 ," 6,884 ", 95 ," 4,175 ", 75 ," 22,636 "
9311,TAX PAYMENTS                  , 2 , 60 , 4 , 654 , 1 , 197 , 3 , 337 , 3 , 695 , 1 , 411 , 2 ," 1,028 ", 2 , 43 , 1 , 175 , 1 , 104 , 6 , 320 , 4 , 65 
9399,GOV'T SERV - DEFAULT          , 12 ," 1,690 ", 3 , 247 , 6 , 527 , 5 ," 1,632 ", 6 , 820 , 12 , 777 , 44 ," 3,413 ", 9 , 431 , 10 , 879 ,,, 4 , 689 , 2 , 53 